Bank,Name,Date,Currency
BOE,BOE1,11/6/2025,GBP
BOE,BOE2,12/18/2025,GBP
BOE,BOE3,2/5/2026,GBP
BOE,BOE4,3/19/2026,GBP
BOE,BOE5,4/30/2026,GBP
BOE,BOE6,6/18/2026,GBP
BOE,BOE7,7/30/2026,GBP
BOE,BOE8,9/17/2026,GBP
BOE,BOE9,11/5/2026,GBP
BOE,BOE10,12/17/2026,GBP
BOJ,BOJ1,10/30/2025,JPY
BOJ,BOJ2,12/19/2025,JPY
BOJ,BOJ3,1/23/2026,JPY
BOJ,BOJ4,3/19/2026,JPY
BOJ,BOJ5,4/28/2026,JPY
BOJ,BOJ6,6/16/2026,JPY
BOJ,BOJ7,7/31/2026,JPY
BOJ,BOJ8,9/18/2026,JPY
BOJ,BOJ9,10/30/2026,JPY
BOJ,BOJ10,12/18/2026,JPY
ECB,ECB1,10/30/2025,EUR
ECB,ECB2,12/18/2025,EUR
ECB,ECB3,2/5/2026,EUR
ECB,ECB4,3/19/2026,EUR
ECB,ECB5,4/30/2026,EUR
ECB,ECB6,6/11/2026,EUR
ECB,ECB7,7/23/2026,EUR
ECB,ECB8,9/10/2026,EUR
ECB,ECB9,10/29/2026,EUR
ECB,ECB10,12/17/2026,EUR
FED,FED1,10/29/2025,USD
FED,FED2,12/10/2025,USD
FED,FED3,1/28/2026,USD
FED,FED4,3/18/2026,USD
FED,FED5,4/29/2026,USD
FED,FED6,6/17/2026,USD
FED,FED7,7/29/2026,USD
FED,FED8,9/16/2026,USD
FED,FED9,10/28/2026,USD
FED,FED10,12/9/2026,USD
FED,FED11,1/27/2027,USD
FED,FED12,3/17/2027,USD
FED,FED13,4/28/2027,USD
FED,FED14,6/9/2027,USD
FED,FED15,7/28/2027,USD
FED,FED16,9/15/2027,USD
FED,FED17,10/27/2027,USD
FED,FED18,12/8/2027,USD
RBA,RBA1,11/4/2025,AUD
RBA,RBA2,12/9/2025,AUD
RBA,RBA3,2/3/2026,AUD
RBA,RBA4,3/17/2026,AUD
RBA,RBA5,5/5/2026,AUD
RBA,RBA6,6/16/2026,AUD
RBA,RBA7,8/11/2026,AUD
RBA,RBA8,9/29/2026,AUD
RBA,RBA9,11/3/2026,AUD
RBA,RBA10,12/8/2026,AUD